Timestamp,time,total_posts,elon_posts,trump_posts,upvotes,type_of_post
4/2/2025 6:50:29,16:00-24:00,13,3,8,70000+,Domestic U.S affairs
4/2/2025 6:53:43,08:00-16:00,6,0,4,30000-40000,Domestic U.S affairs
4/2/2025 6:58:28,00:00-08:00,1,0,1,0-10000,Domestic U.S affairs
4/2/2025 7:00:45,08:00-16:00,11,2,6,30000-40000,Domestic U.S affairs
4/2/2025 7:05:33,16:00-24:00,10,2,2,40000-50000,Domestic U.S affairs
4/2/2025 7:07:52,00:00-08:00,11,3,3,30000-40000,Domestic U.S affairs
4/2/2025 7:09:57,16:00-24:00,9,2,1,60000-70000,Domestic U.S affairs
4/2/2025 7:11:27,08:00-16:00,5,1,1,30000-40000,Domestic U.S affairs
4/2/2025 7:13:37,16:00-24:00,3,0,1,10000-20000,Domestic U.S affairs
4/2/2025 7:15:27,16:00-24:00,9,2,5,30000-40000,Domestic U.S affairs
4/2/2025 7:18:21,00:00-08:00,6,1,1,20000-30000,Domestic U.S affairs
4/2/2025 7:19:59,16:00-24:00,11,0,8,40000-50000,Domestic U.S affairs
4/2/2025 7:21:32,08:00-16:00,9,0,6,30000-40000,Domestic U.S affairs
4/2/2025 7:24:14,16:00-24:00,7,0,2,50000-60000,Related to American politics
4/2/2025 7:26:06,00:00-08:00,12,2,6,40000-50000,Domestic U.S affairs
4/2/2025 7:27:15,16:00-24:00,4,0,2,50000-60000,Domestic U.S affairs
4/2/2025 7:28:23,00:00-08:00,9,2,6,50000-60000,Related to American politics
4/2/2025 7:30:40,16:00-24:00,8,2,3,20000-30000,Domestic U.S affairs
4/2/2025 7:31:52,00:00-08:00,6,0,4,20000-30000,Domestic U.S affairs
4/2/2025 7:33:23,16:00-24:00,7,0,4,20000-30000,Domestic U.S affairs
4/2/2025 7:35:08,08:00-16:00,8,2,1,10000-20000,Domestic U.S affairs
4/2/2025 7:36:17,16:00-24:00,8,5,3,20000-30000,Domestic U.S affairs
4/2/2025 7:40:02,00:00-08:00,4,0,2,40000-50000,Domestic U.S affairs
4/2/2025 7:41:03,16:00-24:00,6,2,2,30000-40000,Related to American politics
4/2/2025 7:42:02,00:00-08:00,5,0,2,10000-20000,Domestic U.S affairs